{
	"cdmVersionRange" : ">=5.0.0",
	"PrimaryCriteria" : {
		"CriteriaList" : [
			{
				"DrugExposure" : {
					"CodesetId" : 1,
					"DrugTypeExclude" : false
				}
			}
		],
		"ObservationWindow" : {
			"PriorDays" : 0,
			"PostDays" : 0
		},
		"PrimaryCriteriaLimit" : {
			"Type" : "All"
		}
	},
	"ConceptSets" : [
		{
			"id" : 1,
			"name" : "[Strategus] C1 Diuretics for test package",
			"expression" : {
				"items" : [
					{
						"concept" : {
							"CONCEPT_ID" : 21601461,
							"CONCEPT_NAME" : "DIURETICS",
							"STANDARD_CONCEPT" : "C",
							"STANDARD_CONCEPT_CAPTION" : "Classification",
							"INVALID_REASON" : "V",
							"INVALID_REASON_CAPTION" : "Valid",
							"CONCEPT_CODE" : "C03",
							"DOMAIN_ID" : "Drug",
							"VOCABULARY_ID" : "ATC",
							"CONCEPT_CLASS_ID" : "ATC 2nd"
						},
						"isExcluded" : false,
						"includeDescendants" : true,
						"includeMapped" : false
					}
				]
			}
		}
	],
	"QualifiedLimit" : {
		"Type" : "First"
	},
	"ExpressionLimit" : {
		"Type" : "All"
	},
	"InclusionRules" : [],
	"EndStrategy" : {
		"CustomEra" : {
			"DrugCodesetId" : 1,
			"GapDays" : 30,
			"Offset" : 0
		}
	},
	"CensoringCriteria" : [],
	"CollapseSettings" : {
		"CollapseType" : "ERA",
		"EraPad" : 0
	},
	"CensorWindow" : {}
}